Reaction,Flux
CSND,0.0
MNXR8691,0.0
NTD10,0.0
NTD11,0.0
GLYBabc,0.0
XTSNH,0.28957
DDPA,-0.49355
P5CD,0.31984
P5CR,-1000.0
GLUTRR,-0.08595
GLUTRS,-0.08595
MG2t,0.00537
KARI_23dhmp,0.56728
ACALDt,0.0
CO2t,-12.88534
MNXR3469,0.0
KARI_23dhmb,998.72691
GUDBUTNAH,-9.57201
PANTS,-0.01074
E4PD,0.0
PLIPA2A180pp,0.0
MNXR87148,0.17356
TDPGDH,0.04339
CYTDt2,0.0
MNXR8073,0.0
CYOO2pp,0.0
GAPDH_nadp_hi,1000.0
rxn05379_c0,-0.14779
MNXR2826,-0.0
ADSL2r,-0.54074
UAGPT3,-0.04339
UAGPT2,0.0
GART,-0.04835
EX_hxan_e,0.0
DHCIND,0.0
CDPGLC46DH,0.0
MNXR63968,0.0
MNXR63969,0.0
MNXR63965,0.0
MNXR63966,0.0
FTCL,0.0
DHPM2,0.0
AOXSr,0.0
PLIPA1E160,1000.0
THMDt2,0.0
FGLU,0.0
MNXR70958,0.0
MNXR8203,0.0
PYRt2,0.0
MNXR6834,0.0
TMPK,-0.00537
FCLT,0.00537
FORti,0.0
UHBZ1t_pp,0.00537
MNXR79604,-0.22709
MNXR27669,0.14779
MNXR27668,0.14779
MNXR27667,-0.14779
MNXR27665,0.14779
MNXR27664,0.14779
MNXR27663,-0.14779
MNXR27661,0.14779
MNXR27660,0.14779
MNXR17649,0.0
MNXR93698,0.0
GALM1,0.0
EDD,0.0
FRUK,0.0
MNXR67415,0.04339
MNXR94017,0.0
PRPPS,-1.33228
DPR,0.01074
EX_tre_e,0.0
FERO,0.0
MNXR79735,0.0
GLCpts,-10.0
PIabc,998.60741
SUCRt2,0.0
FTHFD,0.0
EX_spmd_e,-0.00537
AGPAT120,0.0
MNXR93945,-345.52441
MNXR93946,345.52441
MNXR94249,1000.0
RDH1,0.0
GLUPRT,-0.54074
MNXR84794,0.0
MNXR74388,0.0
PEPCK,0.0
GLYCDH_1,981.92347
KDOPS,0.13017
DHORD2,-0.35908
DHORD5,0.0
METDabc,0.0
EX_etha_e,0.0
FRD2,0.0
GMPS2,0.0
L_LACDcm,0.0
MNXR6043,0.00537
MNXR2786,-0.17356
MNXR69161,0.0
FACOAE1836Z9Z12Z,0.0
MANpts,0.0
TAUDO,-0.0
MNXR85205,0.0
MNXR29607,0.0
MNXR29606,0.0
PIt2r,1000.0
MNXR29604,0.0
TMDS,0.02779
DDGLK,0.0
HIUH,0.0
MNXR6555,0.0
SERt2m,-0.0
ACONTa,987.53548
ACONTb,987.53548
PRFGS,-0.54074
MTRI,0.0
MNXR3495,0.24858
MNXR69763,-1000.0
MNXR7792,0.0
ADNK1,0.26808
CLtex,0.00537
3OAR60,0.0
DXPS,-0.53102
MNXR15641,0.0
MNXR15642,1000.0
PPOR,0.0
ADCYRS,0.0
DBTS,0.0
EAR120y,0.0
PC8XM,0.0
MNXR92341,0.0
GCL,0.0
ECOAH12,0.0
S7PI,-0.17356
LPLIPAL2E160,1000.0
CBL1abc,0.0
G5SADrm,0.0
SHCHF,0.00537
MNXR8926,0.0
PLIPA2A141pp,0.0
UPP3S,-0.01074
ANNAT,-0.01074
EX_for_e,0.0
rxn05400_c0,-0.14779
TSULabc,0.0
NMNHYD,0.0
IGPS,0.0
PSP_D,0.0
PYDXK,0.0
MNXR17265,0.0
MNXR17268,0.0
PYDXS,0.00537
MCITL2,0.0
MNXR71149,0.0
MNXR71411,0.0
CYSDS,0.0
MNXR5314,0.04339
EX_protein_e,-1.73489
ORNTA,-0.43337
MNXR28719,0.0
COALDDH,1000.0
rxn05336_c0,0.0
MNXR27671,0.14779
MNXR27672,-0.14779
MNXR27673,0.14779
MNXR74717,0.0
MNXR27675,0.14779
MNXR27676,-0.14779
MNXR27677,0.14779
MNXR27679,0.14779
DXPRIi,-0.53102
MNXR160,-1000.0
MNXR59886,0.0
CYS,0.37532
MNXR8303,0.0
POX,0.0
MNXR28654,0.0
MNXR4313,-1000.0
EX_galt_e,0.0
MNXR27704,0.0
MNXR28653,0.0
MNXR27706,0.0
rxn09988_c0,0.0
MNXR27700,0.0
MNXR27702,0.0
ACOAD3,0.0
MNXR93881,0.0
MNXR79704,-0.56728
HPPK2,0.0
rxn05404_c0,-0.14779
MNXR75248,0.0
DTMPK,-0.02779
PFK_3,979.5318
PFK_2,0.0
ALDD22x,0.0
ZN2t4pp,-0.00537
ANS2,0.0
EX_tsul_e,0.0
MNXR84761,0.0
MNXR4403,0.0
MNXR4402,-0.20936
MECDPDH2,0.53102
MNXR93774,0.0
MNXR93771,0.0
MNXR84580,0.0
PGSA161,0.0
PGSA160,0.0
MNXR93778,0.0
DMORh,1000.0
UPPDC1,-0.00537
UPPDC2,0.0
DAGK160,0.0
DHQTi,-0.49355
MNXR85368,-1000.0
MNXR85362,0.0
MNXR85363,0.00537
THRA,0.0
RBFSb,0.01074
GPAR,-0.28957
THRS,993.2315
5HXKYNDCL,0.0
ASNS1,-0.34842
rxn03893_c0,-0.00537
ARD_1,0.0
PRADPh,-0.13751
R01465m,-992.29803
EX_no2_e,0.0
EX_ca2_e,-0.00537
PSCIT,0.49355
KDOCT,-0.13017
rxn02362_c0,0.0
DDGLCNt2r,0.0
MNXR70375,0.0
PGSA181,0.0
PGSA180,0.0
rxn06453_c0,0.0
MNXR6494,-1000.0
MNXR6493,0.0
GLYt2m,0.0
MOD_3mhtpp,-0.0
MNXR73710,0.0
DMPPS,0.04876
PSP,997.2109
MNXR69337,1000.0
MOD,0.0
MNXR7212,0.0
UAGCVT,-0.04339
HADPCOADH3,0.0
MNXR80879,0.0
CTPS2,0.0
CTPS1,0.17371
MNXR80876,0.0
EX_gln__L_e,0.0
ACGApts,0.0
rxn05359_c0,-0.14779
MNXR33771,0.0
CS,-987.53548
ABUTD,0.0
MNXR14507,0.0
EX_duri_e,0.0
GALh,-1000.0
TDSK,0.04339
MNXR80058,-0.14779
NH4t,-6.4308
DURIK1,0.0
MNXR8269,0.0
MNXR71393,0.0
PYDAMK,0.0
ATGDm,1.32072
GLCabcpp,0.0
MNXR27605,0.0
MNXR27604,0.0
MNXR27606,0.0
MNXR27601,0.0
MNXR27603,0.0
MNXR27602,-0.0
MG2abc,0.0
MNXR63967,0.0
MNXR28718,0.0
MNXR6969,0.0
MNXR28716,-0.05542
MNXR28717,-0.05542
MNXR28714,0.0
MNXR28715,0.0
MNXR28712,0.0
MNXR28713,0.0
MNXR28710,0.0
MNXR28711,0.0
MIHKPP,0.0
X5PL3E,0.0
AGPAT140,0.0
AGPAT141,0.0
MNXR75271,0.0
MNXR84576,0.0
MNXR93966,0.0
EX_so4_e,-0.38069
GLYCOR_nadp,0.0
KYN3OX,0.0
RBFK,-0.00537
Kt1,0.01074
EX_thymd_e,0.0
DDPGA,0.0
HMGL,0.14779
SUCLm,-4.99503
MNXR85427,0.0
MNXR85428,0.0
PHYCBOXL,0.0
MNXR85051,0.0
HEXTT,0.00537
PROD2,1000.0
HXANt2pp,0.0
PDHam2hi,-1.84037
MNXR53368,0.0
MNXR53365,0.0
MNXR53364,-0.0
MNXR53366,-0.26034
MNXR53361,0.14779
MNXR53360,-0.0
MNXR53363,0.14779
MNXR53362,0.0
MNXR93748,1000.0
MNXR85731,0.0
MNXR85739,0.0
MNXR93746,-0.28957
APATr,-0.01074
EX_rna_c0,-1.73489
EX_4hbz_e,-0.00537
ALCD2ir,0.0
MATm,-0.02686
XYLK,0.0
PAPPT3,0.04339
PAPPT2,0.0
MNXR3279,-1000.0
MNXR74722,0.0
GCC2cm,1.69259
ADOCBLS,0.00537
MNXR3277,1000.0
rxn05347_c0,0.0
DDGALK,0.0
3OAR80,0.0
EX_metox__R_e,0.0
MNXR14768,-0.22709
DCYTD,0.0
MNXR14762,0.0
NO2t2r,0.0
BTND1,0.0
MNXR80464,0.0
SULR,0.37532
TMPPP,0.0
ADA,0.28957
GALCTND,0.0
ATPS4r,336.04246
EDTXS1,-0.04339
EDTXS2,0.04339
OPHBDC,-0.00537
MNXR17999,0.0
ACAS_2ahbut,-0.56728
UAGDP,-0.17356
PDX5POi,0.0
MNXR14578,1.74078
MOHMT,0.01074
MNXR79601,0.0
G6PBDH,0.0
OXAMTC,0.0
HIBDkt,0.0
SPODM,0.0
TPRDCOAS,0.0
NTD6,0.0
NEOXANS,0.0
NTD4,0.0
NTD5,256.77204
NTD2,0.0
NTD3,0.0
NTD1,0.0
MNXR8252,0.0
EX_mn2_e,-0.00537
MNXR94257,0.0
FE3abc,0.0
MNXR15972,0.0
MNXR15973,0.0
EX_met__L_e,0.0
G6PDH2r,0.0
MNXR94198,1000.0
MNXR94192,-0.04339
MNXR94190,0.0
MNXR94197,1000.0
MNXR94196,1000.0
MNXR94195,0.0
MNXR94194,1000.0
MNXR71500,0.0
MNXR28723,0.05542
MNXR28722,0.05542
MNXR28721,0.0
MNXR28720,0.0
MNXR4335,1000.0
MNXR8328,0.0
LPLIPAL1A120pp,0.0
MNXR94252,-1000.0
ARGORNt7,10.0
rxn05342_c0,0.17356
FACOAL180,0.0
FOMETRi,0.0
3HLYTCL,0.0
EDA,0.0
G3PAT160_1,0.0
MNXR55989,-0.04339
IMACTD,0.0
PHETA1,-0.26808
ECOAH9ir,-0.0
MNXR5449,0.0
O2t,0.02955
MNXR71184,0.0
MNXR5689,0.0
MNXR5681,0.0
LYSt2m,-0.5386
EX_etoh_e,0.0
MAN6PI,0.0
KARI_3hmoa,-998.72691
2HBO,0.0
EX_galur_e,0.0
CMS,-0.53102
EX_h_e,1000.0
MNXR27856,0.00537
EX_pyr_e,0.0
MCITD,-0.0
IG3PS,0.13751
EX_nh4_e,6.4308
rxn08333_c0,-0.01074
MNXR28676,0.0
PSSA181,0.0
MNXR94325,999.99463
ORDCh,-0.00537
NA1Hth,0.0
H2Ot,-18.66992
MNXR16018,0.0
MNXR85233,0.0
MNXR85234,0.0
G1PTT,-0.04339
MNXR6164,0.0
GALT1,-0.04339
MNXR93752,0.0
MNXR93753,-0.0
MNXR34453,0.0
SDPDS,0.0
PPBNGS,-0.04298
MNXR16307,1000.0
MNXR29077,-0.0
CBPS,0.0
AUS,0.01074
MNXR94201,1000.0
MNXR94200,1000.0
GLUt2r,0.0
TMDK1,-256.77204
SBP,0.0
LPLIPAL1A160pp,0.0
PSD120,0.0
EX_gly_e,0.0
MNXR79288,0.0
rxn09448_c0,0.0
EX_orn_e,10.0
MMSAD3,1000.0
EAR80y,0.0
DHFR,0.04391
DHFS,-0.01612
MNXR80309,0.14779
MNXR17835,0.0
MUCCY_kt,0.0
MNXR35657,-6.51146
ITCY,0.0
LPLIPAL2A120,0.0
ADK2,-0.00537
ADK1,1000.0
EX_sucr_e,0.0
rxn03462_c0,0.0
FRUpts,0.0
OCOAT1,0.14779
MNXR578,-0.02149
SADT,-1000.0
NO3t2,0.0
MNXR61873,0.0
EX_succ_e,0.0
EX_metsox_S__L_e,0.0
UAAGDS,-0.04339
MNXR8742,0.0
PPNDH,-0.26808
MQN7t,0.01074
EX_fru_e,0.0
DUTPDP,0.0
IPMD,-0.65126
MNXR71171,0.0
MOD_4mop,0.0
SPTc,981.90735
HEPT4,-0.04339
PGCD,-997.2109
EX_cu2_e,-0.00537
SALCpts,0.0
MNXR40035,0.0
MNXR79883,0.01074
MNXR94184,0.0
MNXR94180,0.0
MNXR94181,0.0
MNXR94182,0.0
MNXR94183,0.0
URIDK2m,-0.02779
FPPSh,0.04876
MNXR6908,0.0
rxn05384_c0,-0.14779
CYTK1,-0.82745
CYTK2,0.0
MNXR5856,0.0
AGPAT160,0.0
AGPAT161,0.0
MNXR55990,-0.04339
GLXO1,0.0
MNXR85534,0.0
DHNPA2r,-0.01612
MNXR75218,0.0
KDOPP,0.13017
DCTPD,0.0
MNXR5927,0.0
MNXR4458,0.0
MNXR60320,0.0
MNXR60327,0.0
ENO,-0.0
MNXR20056,0.0
EX_man_e,0.0
G1SAT,0.08595
MNXR93694,0.0
MNXR84910,0.0
MNXR84911,0.0
rxn11612_c0,0.0
UREA,9.57201
EX_dad_2_e,0.0
MNXR2293,0.0
MNXR85248,0.0
MNXR85082,0.0
UAGAAT,0.08678
SBTPD,0.0
UAAGLS1,0.0
MNXR93798,1000.0
FRD,1000.0
MNXR8404,0.0
AMPTASECG,0.00537
PDH,0.0
GALUi,-0.17356
ALKP,0.0
rxn04052_c0,0.0
MNXR65498,0.0
CYRDAAT,0.0
MNXR2929,0.0
UPPRT,0.0
MNXR69694,0.0
MNXR69693,0.0
CYTBO3,0.0
MNXR16204,0.0
PLIPA1A120pp,0.0
EX_cbl1_e,0.0
MNXR1587,-0.01612
MNXR17827,0.0
EAR140y,0.0
BTS4,0.0
ACCOAL,0.0
ACCOAC,1000.0
AKGDH,-4.84724
BACCL,0.0
PRACHh,-0.13751
G5DHx,0.43337
EX_trp__L_e,-0.08189
HSK,-993.2315
EX_co2_e,12.88534
EX_ptrc_e,0.0
PPGPPDP,0.0
TRPS2,0.0
MMSDH,0.0
3OAR100,0.0
EX_glcur_e,0.0
56DH5FLURAAMH,0.0
rxn00016_c0,0.0
4CMLCL_kt,0.0
MNXR15797,0.0
MNXR94179,0.0
FBA3,-979.5318
NT5C,0.0
PPTTm,-0.00537
ACACT3,0.0
ACACT1,-0.14779
MNXR74626,0.0
MNXR94313,0.0
MNXR94312,0.0
GALCTD,0.0
EX_pi_e,-1.39259
PTRCabc,0.0
MI3PP,0.0
AM6PTh,0.0
MNXR5910,0.0
MNXR27638,-0.14779
MNXR27639,0.14779
EX_din_e,0.0
MNXR28693,0.0
MNXR27635,0.14779
MNXR27636,0.14779
MNXR28690,0.01847
MNXR28694,0.0
MNXR94221,-1000.0
MNXR94220,-1000.0
MNXR94223,0.0
MNXR94222,-1000.0
MNXR94225,-1000.0
MNXR94224,-1000.0
MNXR94227,1000.0
MNXR94226,-1000.0
UMPK,-0.44586
PROabc,0.0
EX_glyc_e,0.0
G3PD,-999.85221
AKP1,-0.01612
G3PL,0.0
MNXR93681,0.0
rxn00816_c0,0.0
ADOCBIK,999.99463
PPCDC,-0.01074
GGGABADr,0.0
MNXR29256,0.0
DDPGALA,0.0
MNXR94426,0.0
rxn01457_c0,0.0
MNXR85754,0.0
MNXR85709,0.0
MNXR6106,0.0
MNXR53358,-0.14779
MNXR53359,0.0
SAM24MT,0.0
MNXR3536,0.0
INSH,-0.28957
PLIPA2A120pp,-0.0
GND,0.0
GNK,0.0
NADH10,0.0
IMDHT,-0.65126
PYAM5PO,0.0
MCCC,0.14779
ASPATh,-995.73352
MNXR2930,0.0
3OAS80,0.0
MNXR28692,0.0
MNXR28691,0.0
DADA,0.0
ALAALAr,0.04339
MNXR69802,-0.0
PRICIh,0.13751
HGNTOR,0.0
EX_q8_e,0.0
LPLIPAL2A140,1000.0
PLIPA1A160pp,0.0
FAS140ACPm,0.21695
GNNUC,-0.28957
AMID2,0.0
AMID3,0.0
DASYN180,-0.01847
DASYN181,0.0
AMID4,0.0
AMID5,0.0
THIORDXi,0.0
rxn05429_c0,-0.0
HKYNH,0.0
DASYN160,0.0
DASYN161,0.0
PRAISh,-0.54074
VPAMTr,-1000.0
IZPN,0.0
RNDR3,-0.02779
RNDR2,-0.02779
RNDR1,-0.02779
TDSRh,0.48649
GLUS_nadph,997.85744
HISDr,0.0
AASPh,0.0
MNXR6311,-0.0
rxn13990_c0,-0.17356
PGMT,0.21695
MNXR80383,1000.0
MNXR80382,1000.0
MNXR80380,1000.0
MNXR80385,-1000.0
NTD7,0.0
CHOLD,1000.0
PLIPA2A160pp,-1000.0
MNXR94163,0.0
MNXR94166,-500.0
MNXR94164,-1000.0
MNXR94165,500.0
FA100ACPHi,0.0
MNXR17026,0.0
ARGSL,0.0
NADH5,0.0
NADH6,0.0
NADH9,0.0
CHORM,0.47744
ACt4pp,0.0
APLh,-1.27309
CHORS,0.49355
HCO3E,-999.60705
AGPAT180,0.0
AGPAT181,0.0
MNXR2062,1000.0
MNXR94094,0.0
rxn05460_c0,0.0
EX_Biomass_e,1.73489
MNXR5475,0.00537
MNXR17153,0.0
NO3R2,0.0
NO3R1,0.0
DMATT,-0.04876
MNXR28688,0.0
MNXR28689,0.01847
MNXR28684,-0.01847
MNXR28685,0.0
MNXR28686,0.0
MNXR28687,0.0
MNXR79575,0.0
MNXR28683,-0.01847
ACOAD10m,0.0
rxn01080_c0,0.0
MNXR85460,-1000.0
MNXR27805,0.0
FBP,0.0
FBA,-987.94552
MNXR93834,0.0
CBIAT,0.00537
ACOAD8m,-0.14779
URCN,0.0
MNXR6283,0.0
MNXR85267,1000.0
MNXR85268,-1000.0
ADECn,0.0
ADSL1r,-0.67825
EX_dgsn_e,0.0
ICL,-981.02401
DGK1,0.0
MNXR85287,-1000.0
MNXR47135,-0.0
MNXR70329,-0.0
MNXR74304,0.0
EX_arg__L_e,-10.0
PFK,0.0
MNXR3231,0.0
THZPSN,0.0
MNXR94199,0.0
SELCYSTS,0.0
MDHC_nadp_hr,0.0
rxn05388_c0,-0.14779
NAPT,0.0
MNXR15436,0.0
IMDHT_3c2hmp,0.65126
MNXR69814,0.0
MNXR7644,0.0
MNXR69813,-0.0
ATPM,0.0
MNXR79548,-999.58051
TAL,0.56728
BCTA_val_h,-0.61109
MNXR58251,0.0
MNXR7063,0.0
MNXR53357,-0.14779
QUILSYN,0.0
MNXR8605,-1000.0
NNDMBRT,-0.00537
GLUTCOADHc,0.0
HYD1,0.0
PUTA3,0.0
EX_fum_e,0.0
ACODA,0.0
MNXR80553,0.0
MNXR80556,0.01847
MNXR80557,0.01847
MNXR80555,-0.01847
MNXR80558,0.0
MNXR80559,0.0
MNXR17974,0.0
GHMT,985.21143
APAPTm,0.0
PLIPA1A140pp,-1000.0
GTPDPK,0.0
3OAR120,0.0
EX_ppi_e,0.0
MNXR16995,0.0
MNXR16994,0.0
MCSNAH,0.0
MNXR6970,-1000.0
ADNUC,0.0
MICITDr,-0.0
ACCOAC_1,0.0
MNXR27684,0.0
OXOAEL,0.0
MNXR75041,0.0
DHPPD,0.0
MNXR80378,0.0
EX_malt_e,0.0
MNXR80370,0.0
MNXR59665,0.0
HMBS,0.01074
GTPCI,-0.01612
EX_fe3_e,0.0
MGC,0.14779
SADT2,999.62468
MNXR75220,0.0
MNXR75221,0.0
MNXR8700,0.0
CD2t4pp,0.0
DHAD1,1.27309
ADPT,0.0
MNXR59713,0.0
SOTA,0.0
MNXR28671,-0.07389
MNXR28673,0.0
MNXR28672,-0.07389
MNXR28675,0.0
MNXR28674,0.0
EX_acgam_e,0.0
MNXR94202,999.94458
ARGDC,0.0
CAT,0.0
GLCTR2,-0.04339
GLCTR3,-0.04339
HEX1,0.0
ACYP_2,0.0
rxn05367_c0,-0.14779
rxn05345_c0,-0.17356
MNXR58824,0.17356
PGL,0.0
PGM,-1000.0
PGK,0.0
PGI,1000.0
FACOAL140,-0.26034
MNXR94338,0.0
HEPT2,-0.04339
HEPT3,-0.04339
HEPT1,-0.04339
MNXR94333,0.0
MNXR94332,-1000.0
MNXR94334,0.0
PPC,0.0
HPYRDC,0.01612
MNXR85277,0.0
MNXR85270,-1000.0
OHPBAT,0.0
MNXR93797,0.0
ICDHx,0.0
MNXR85297,0.0
PAPSR,0.0
PRAIS,-0.54074
MNXR74373,0.0
rxn05346_c0,0.0
XYLt2,0.0
MNXR7721,0.0
MNXR6631,0.0
EX_taur_e,0.0
ACOAD9m,0.0
ATDAMh,0.0
AGDI,0.0
MNXR85856,0.0
ALDD31,0.0
AGDC,0.17356
PSSA161,0.0
PSSA160,0.0
PYK,-1000.0
MNXR16236,0.0
MNXR16239,0.0
rxn05363_c0,-0.14779
HDC,-0.0
LPLIPAL2A160,0.0
HDCAt2,0.0
HDH,-0.13751
HACDp,0.0
ACOADH2,0.0
PRDX,0.0
rxn05348_c0,0.0
MNXR80561,0.0
MNXR80560,0.0
MNXR17904,0.0
DHPD,0.0
MNXR17903,0.0
rxn05409_c0,0.0
TAURabc,0.0
DASYN140,-0.0
DASYN141,0.0
HACD1,1000.0
HACD3,0.0
HACD2,0.0
HACD5,0.0
HACD4,0.0
HACD7,0.0
HACD6,0.0
HACD9,0.0
AMID,0.0
EX_zn2_e,-0.00537
G3PAT140,0.0
CHLt2,0.0
AIRCr,0.0
ADSS,0.67825
MCLOR,0.0
rxn05421_c0,0.0
rxn05344_c0,0.0
HEPK2,-0.04339
HEPK1,-0.04339
MALt2_2,0.0
NMNTP,0.01074
LPLIPAL2A180,0.01847
DB4PS,0.02149
HISTP,-0.13751
MNXR74932,0.0
MNXR17004,0.0
GLYCK,2.7891
G3PAT180,0.0
G3PAT181,0.0
MNXR74931,0.0
GLYCL,-986.67994
TREpts,0.0
ASP1DC,0.0
XYLI1,0.0
XYLI2,0.0
GLYCt,0.0
SERD_L,-1000.0
ACBIPGT,-0.00537
CYARTMT,0.0
PPPGO,-0.00269
EX_2ddglcn_e,0.0
URFGTT,0.00537
DNGALh,0.0
MN2t3pp,0.00537
MNXR28662,-0.07389
5HLTDL,0.0
MNXR28660,0.0
GALTpts,0.0
MNXR28667,0.0
BETALDHx,0.0
BETALDHy,0.0
RPI,0.86517
MNXR60651,0.0
MCOATA,-1.73004
MNXR94217,-1000.0
MNXR94218,0.0
MNXR94219,-1000.0
G3PD1,-984.23226
G3PD7,0.0
G3PD6,0.0
G3PD5,0.0
LCADi,0.0
MNXR74782,0.0
MCITS,0.0
MNXR81103,0.01074
PYDXNK,0.0
MNXR9029,0.0
G3PAT160,0.0
GLYCLTDx,0.0
PPRGL,-0.54074
MNXR46338,0.0
AKGDHe2r,0.0
DCYTt2,0.0
ACOTA,0.0
DAAD,-1000.0
MNXR5724,0.0
MNXR5727,0.0
PCADYOX,0.0
UAPGR,0.04339
ATPPRT,-0.13751
EX_ttdca_e,-0.26034
MNXR65450,0.0
PROt2r,0.0
MNXR86939,0.0
DHQS,0.49355
ACGS,0.0
MNXR8571,0.0
SSALx,0.0
LPLIPAL2A141,0.0
ACGK,0.0
GK1,-999.67726
GK2,999.97221
FE2abc,0.02149
FACOAE160,1000.0
ALDD2x,0.0
MNXR73656,0.0
MNXR7442,0.0
PSSA180,-0.01847
ANS,0.0
NADK,-1000.0
EX_ser__L_e,0.0
EX_cobalt2_e,-0.00537
CU2abcpp,-0.00537
MNXR17916,0.0
MNXR84631,1000.0
GUAD,0.0
PHETHPTOX,0.0
MNXR74716,0.0
TYRCBOX,0.0
MNXR8716,0.0
INSt2,0.0
EX_mg2_e,-0.00537
ETOHti,0.0
NTRIR2x,0.0
NTRIR2y,0.0
MNXR80405,-1000.0
MNXR80406,-1000.0
MNXR80400,1000.0
MNXR80403,-1000.0
TTDCAt2,0.26034
EX_DNA_e,-1.73489
AMAOTr,0.0
FACOAE180,0.0
PUNP7,0.0
LPLIPAL1A180pp,0.0
AKGt2r,0.0
LPLIPAL2E180,1000.0
DADNt2,0.0
PMPK,0.0
3OAR40_1,0.0
EX_arbt_e,0.0
MNXR90744,0.0
PGLYCP,0.0
RPE,-1.0222
NADTRHD,-1000.0
IPPS,-0.65126
MTHFO_nadp,-999.74605
2OH3K5MPPISO,0.0
EX_ser__D_e,0.0
EX_no3_e,0.0
FUMt2r,0.0
APSR,-0.37532
URIt2,0.0
ACOAD6,0.0
ACOAD7,0.0
ACOAD4,0.0
ACOAD5,0.0
ACOAD2,0.0
MNXR28652,0.0
ACOAD1,0.0
rxn05396_c0,-0.14779
EAR100y,0.0
MNXR94265,-999.94458
MNXR94264,-1000.0
MNXR94267,-0.04339
MNXR94266,0.0
MNXR94261,1000.0
MNXR94260,-1000.0
MNXR94263,1000.0
MNXR94262,0.0
SBTpts,0.0
AICART,0.67825
AGTi,-981.02401
MNXR28663,-0.07389
FACOAL160,0.0
MI4PP,0.0
NNDPR,0.0
rxn05343_c0,0.0
MNXR28666,0.0
MNXR28664,0.0
MNXR28665,0.0
MNXR84987,0.0
GLYK,15.28744
EX_h2o_e,18.66992
MNXR85058,0.0
TKT2,-0.84466
TKT1,-0.17754
MNXR33785,0.0
MNXR85052,0.0
Biomass,1.73489
EX_chol_e,0.0
MNXR85587,-1000.0
MNXR85589,0.0
MNXR18214,-1000.0
SUCD4,0.0
BTNC,0.0
RNDR4,-0.02779
MNXR84885,0.0
SERH,0.0
GLU5K,-0.43337
GLYCK2,1000.0
G6PDA,0.0
NPHS,0.0
HXAND,-0.28957
rxn05425_c0,0.0
MNXR75249,0.0
RBK,-0.28957
MNXR6274,0.0
LDH_L,13.75892
OMCDC,-0.65126
EX_dcyt_e,0.0
AOOA,0.13751
MNXR69352,-1000.0
ACS,-0.14031
UHGADA,-0.08678
MNXR22677,0.0
MNXR7459,-0.00269
EAR60y,0.0
MNXR17297,-1000.0
MNXR17296,1000.0
MNXR1991,0.0
DASYN120,0.0
MTHFO,1000.0
MTHFC,-0.68363
MTHFD,1.17602
MNXR14719,0.0
MNXR59227,0.0
DCTPD2,0.0
EX_thmmp_e,-0.00537
MNXR7297,0.0
EX_met__D_e,0.0
GDH,998.8301
OMPDC,-0.35908
MNXR27634,-0.14779
OHPHM,0.00537
MOAT3C,-0.04339
Ht,-1000.0
GGTT,-0.00537
MNXR80505,0.0
MNXR80504,0.0
AFAT,0.00537
MNXR80506,0.0
MNXR80501,-0.07389
MNXR80503,0.0
MNXR80502,-0.07389
ADCL,0.01612
DPCOAK,-0.01074
GLYCLTDy,0.0
HSDx,0.0
ADCS,-0.01612
MNXR80323,0.0
G3PAT161,0.0
HSDH,993.4586
MCPST,0.0
PLIPA1E180,1000.0
GLYAT,992.29803
SUCCt2b,0.0
AGGPR,0.0
FRTT,-0.00537
CITMCOAHm,0.0
UAMAGS,0.04339
CPS,-0.35908
DHPS2,0.0
MNXR27688,0.0
ACPh,0.0
MNXR27686,0.0
MNXR27681,0.14779
MNXR27680,-0.14779
MNXR5630,0.0
MNXR33807,0.0
ACACT4m,0.0
TRPO2,0.0
DMPH,0.0
METSOXR1,0.0
G1PACT,0.0
MNXR79647,0.0
EX_gam_e,0.0
TRE6PP,0.0
TRE6PS,0.0
MALTpts,0.0
THDPS,0.0
EX_glyb_e,0.0
PPNCL3,-0.01074
PPNCL2,0.0
AMMQT8_2,0.00537
UGMDDS,0.04339
DHPPDA2,-0.01074
G3PAT141,0.0
CMPA,0.0
4HTHRS,0.0
MNXR60581,0.0
EX_glu__L_e,0.0
EX_arab__L_e,0.0
rxn01292_c0,0.0
APRAUR,-0.01074
AACOAR_syn,1000.0
ATDGDm,-0.02779
SPMDabc,0.00537
BCTA_glu_h,-1000.0
EX_nmn_e,-0.01074
PSAT,-997.2109
MNXR60692,0.0
MNXR74185,0.0
MNXR85335,0.0
DGC3D,0.0
FT,0.0
EX_cd2_e,0.0
MNXR6030,0.0
G6PI3,-990.21695
MNXR7594,-1000.0
FK,0.0
MDH,-987.09025
SUCRe,0.0
rxn12008_c0,-0.01612
SHK3Dr,0.49355
ASPK,-993.4586
EX_glycogen_e,0.0
EX_sbt__D_e,0.0
EX_na1_e,0.0
MNXR85159,0.0
GTPCII2,-0.01074
MNXR87173,0.0
rxn05413_c0,0.0
MNXR69346,-1000.0
MNXR18003,0.0
MNXR15510,0.0
GLNabc,0.0
DURIt2,-0.0
METSOX1abcpp,0.0
TMDPP,0.0
MNXR71850,997.91953
MNXR62992,0.0
MNXR10704,0.0
MNXR10705,0.0
MNXR7118,0.0
MNXR69727,1000.0
MNXR17833,0.0
HSERTA,-0.22709
FGFTh,-0.49239
MNXR15609,0.0
EX_ASPt5n_e,0.0
RNMK,0.0
ADPRDP,0.0
ACOATA,0.0
EX_fe2_e,-0.02149
PDHam1hi,0.0
GMHEPAT,-0.17356
EX_acald_e,0.0
ORPT,-0.35908
LPLIPAL1A140pp,-1000.0
EX_ac_e,0.0
GLYAMDTRc,0.0
CYSS,0.0
TRPt2m,0.08189
IDPh,5.49673
GLYALDDr,-15.28744
MNXR8129,0.0
rxn05392_c0,-0.14779
2DHPFALDL,0.0
EX_k_e,-0.00537
IMPD,0.0
MNXR15867,-0.00537
MNXR27650,0.14779
MNXR94066,0.0
MNXR27651,-0.14779
MNXR94063,0.0
MNXR94061,0.0
HXPRT,0.0
DALAt2pp,0.0
EX_ocdca_e,-0.14779
P5CRx,0.31984
DAPDC,0.04339
MNXR27698,0.0
DAPDA,0.0
MNXR27696,0.0
MNXR27694,0.0
MNXR27692,0.0
MNXR27690,0.0
DHRT_ivcoa,0.0
ASPCT,0.35908
XAND,0.0
MNXR40622,-9.57201
GLUFT,0.0
10FTHFGLULL,0.0
EX_salcn_e,0.0
FUM,987.09025
MNXR2772,0.0
MNXR3312,-1000.0
DAPE,0.0
MNXR93869,0.0
MNXR93864,0.0
MNXR93865,0.0
MNXR60025,-0.00537
EX_q8h2_e,0.0
UAMAS,-0.04339
MNXR8994,999.98926
DINSt2,0.0
MNXR31648,-0.00537
DSERt2,0.0
ACPS1,0.00537
LPLIPAL1A141pp,0.0
GCCc,0.0
GCCb,0.0
GCCa,0.0
MNXR57329,0.0
ACACT5m,0.0
NAPRT,-0.00537
MNXR94248,1000.0
DMTPHT,0.0
MNXR8903,0.0
5FLURAPRT,0.0
FRD3,-0.01074
MNXR94247,1000.0
MNXR94246,0.0
MNXR94245,1000.0
FRD7,14.118
PLIPA1A180pp,0.01847
HSPMS,0.0
EX_akg_e,0.0
SUCBZL,0.0
ADNt2,0.0
PGSA120,0.0
MNXR60681,0.0
MNXR60682,0.0
MNXR60684,0.0
MNXR60685,0.0
MNXR60686,0.0
MNXR60687,0.0
MNXR60688,0.0
MNXR60689,0.0
ALCD19,-15.28744
MNXR12173,0.0
THD2,-668.19534
TDPDRE,-0.04339
MNXR70220,0.0
IGPDH,0.13751
TDPDRR,0.04339
PSSA120,0.0
MNXR15262,1000.0
MNXR7613,0.0
PGAMT,0.0
FPGFTh,0.0
EX_xyl__D_e,0.0
CYTD,0.0
NDPK8,-1000.0
NDPK9,-997.91953
NDPK2,-0.67841
NDPK3,0.79966
NDPK6,-0.0
NDPK7,-0.02779
NDPK4,-999.92344
NFORGLUAH,0.0
CA2t3pp,-0.00537
SO4t2,0.38069
EX_o2_e,-0.02955
EX_pro__L_e,0.0
MAN1PT2,0.0
SHCHD2,-0.00537
MCS,-0.53102
MOAT2,0.04339
MNXR55674,0.04339
IPDPS,0.0
EX_mal__L_e,0.0
GLNSP2,0.0
GLNSP3,0.0
GLNSP1,0.0
EX_cit_e,0.0
MNXR80308,0.14779
GAPD,-1000.0
MNXR80306,0.0
rxn06723_c0,-0.08678
EAR40y,0.0
MPPM,0.0
EX_cytd_e,0.0
UGAH,0.0
AOXHEXCYCL,0.0
APPAT,-0.01074
MNXR27735,0.0
MNXR27737,0.0
FDH,0.0
CYSS_trdrd,0.0
rxn05371_c0,-0.14779
IDS1,0.48226
MNXR8221,0.0
MALT,1000.0
MALS,0.0
ACACT6m,0.0
MNXR71594,0.0
MNXR27648,0.14779
ACACT2,0.0
MNXR27640,0.14779
MNXR27643,0.14779
MNXR27642,-0.14779
MNXR27644,0.14779
MNXR27647,-0.14779
MNXR27646,0.14779
AACOAT,0.0
EX_glc__D_e,-10.0
DMPPS_syn,0.0
ECOAH6,0.0
ECOAH7,0.0
ECOAH4,0.0
ECOAH5,0.0
ECOAH3,0.0
ECOAH1,0.0
OP4ENH,0.0
FA80ACPHi,0.0
G3PAT120,0.0
ARBTptspp,0.0
MNXR94492,0.0
PNTK,-0.01074
rxn05417_c0,0.0
MNXR70083,0.0
MNXR85795,0.0
CPPPGO,-0.00537
A5PISO,-0.13017
MNXR85555,0.0
MNXR5765,0.0
MNXR84532,0.0
MNXR73713,0.0
MNXR94258,-1000.0
MNXR94259,-1000.0
MNXR94254,1000.0
MNXR94255,-1000.0
MNXR94256,-1000.0
ARGSS,0.0
MNXR94250,-1000.0
MNXR94251,0.0
PFK_adp,-987.94552
MNXR94253,1000.0
MNXR93704,-999.34874
MNXR93703,0.0
GLUFORT,0.0
SHSL4h,0.0
rxn05375_c0,-0.14779
ASNN,0.0
MNXR85314,0.0
MNXR85310,-1000.0
LYSRC,0.0
MNXR71295,0.0
DHORTS,0.35908
IBPHn,0.0
MNXR14387,0.0
MNXR85179,0.0
PPS,-9.0802
GAM,0.0
PTE5x,0.0
GPDDA4,0.05542
GMP5N,0.0
GPDDA1,0.0
GPDDA2,0.0
MNXR6532,0.0
MNXR6539,0.0
EX_ala__D_e,0.0
MNXR78083,0.0
MNXR84520,0.0
MTI,-1000.0
TPI,7.20623
MNXR2832,0.0
SDPTA,0.0
MNXR72719,-0.0
MNXR7136,0.0
BPNT,-0.00537
MNXR7133,0.0
MNXR69749,-1000.0
MNXR6332,0.0
FMNRx,0.0
L_LACD2,13.75892
EX_ins_e,0.0
L_LACD3,0.0
HKt,0.0
PROAKGOX1,0.0
EX_uri_e,0.0
DLDLBT,-0.02149
FLVRx,0.0
GAMpts,0.0
METabc,0.0
EX_adn_e,0.0
EX_cl_e,-0.00537
NADS1,0.0
MNXR32524,0.20936
PRAI,0.0
PLIPA1A141pp,0.0
PSD180,-0.01847
GLUR,-0.04339
XPPT,0.0
SULabc,0.0
ICH,-0.67825
ARGN,0.0
PSD181,0.0
AGMHE,0.17356
MNXR80794,0.00537
MNXR63973,0.0
MNXR63972,0.0
MNXR63971,0.0
OCDCAt2,0.14779
4ABUTD,0.0
MNXR63975,0.0
ETHAt2pp,0.0
SHKK,-0.49355
CITt2r,0.0
BDH,0.0
MNXR59771,0.0
ETHAAL,0.0
MNXR80878,0.0
ACACT10m,-0.0
MNXR79878,-0.54074
G6PI,-990.21695
MNXR8219,0.0
34HPPOR,0.0
MNXR79615,0.0
MNXR27659,-0.14779
MNXR79613,0.0
MNXR27652,0.14779
PSD160,0.0
PSD161,0.0
MNXR27656,0.14779
MALTabc,0.0
MNXR27654,0.14779
MNXR27655,-0.14779
ALAR,999.91322
MNXR17657,0.0
MNXR17653,0.0
MNXR93844,-500.0
MNXR93845,500.0
MNXR93840,0.0
ASPt2_2,0.0
PDHbr,1.84037
PLIPA2A140pp,-1000.0
MI1PP,0.0
TALA,979.18069
MNXR73934,0.0
DGSNt2,0.0
ACACT7m,0.0
MNXR15065,0.0
MNXR5887,0.0
EX_mqn7_e,-0.01074
34DHOXPEGOX,0.0
GLUK_syn,0.0
MNXR5404,6.51146
MOAT,-0.04339
FPGS_tm,0.0
MNXR93715,-1000.0
MNXR93716,0.0
CYTBD2pp,0.0
ASAD,993.4586
MANAO,0.0
ACOA40OR,0.0
KARI,0.56728
RZ5PP,0.00537
MNXR60319,0.0
MNXR85308,0.0
ADMDC,0.0
UDPGD,0.0
MNXR85306,0.0
LTDCL,0.0
rxn06181_c0,0.0
MNXR93624,-1000.0
MNXR93625,0.0
EX_lys__L_e,-0.5386
MTAP,0.0
3HAO,0.0
EX_hdca_e,0.0
COBALT2tex,0.00537
GF6PTA,-0.17356
3HBCOAHL,0.0
CDPMEK,-0.53102
FOLR2,0.0
